Mentee ID,Mentee Firstname,Mentee Lastname,Mentee Email,Mentee Program,Mentee Interests,Mentee Country,Mentee City,Mentee Residence
852367,Evelyn,Martinez,emartine@ualberta.ca,Psychology,"I am dedicated to the field of industrial-organizational psychology, where I apply psychological principles to workplace issues. My goal is to improve employee well-being, enhance productivity, and optimize organizational structures.",United Kingdom,London,TRUE
435789,Isabella,Scott,iscot@ualberta.ca,Engineering,"I have a strong interest in AI and robotics, focusing on creating innovative solutions. In my free time, I experiment with new technologies and improve my coding skills.",United States,San Francisco,FALSE
413923,Charlotte,Lewis,clewi@ualberta.ca,Computer Science,"As a computer science enthusiast, I love exploring the latest technological advancements. I enjoy coding and developing software that can make a difference.",Canada,Edmonton,TRUE
219837,Sophia,Scott,sscot@ualberta.ca,Engineering,My passion lies in robotics and AI. I enjoy building projects that solve real-world issues and spend my leisure time exploring new technological trends.,United States,San Francisco,FALSE
573923,Abigail,Lopez,alope@ualberta.ca,Chemistry,"I am dedicated to physical fitness and regularly hit the gym. I find joy in various sports activities, from basketball to swimming, and value the discipline they instill.",Canada,Edmonton,TRUE
789234,Logan,Monaghan,lmonagha@ualberta.ca,Computer Science,I enjoy coding and building software applications. I like to stay updated with the latest technology trends and experiment with new programming languages.,United States,San Francisco,FALSE
189554,Ava,Young,ayoun@ualberta.ca,Chemistry,"I am fascinated by computational chemistry, using computer simulations to study chemical systems. My goal is to model molecular structures and predict the behavior of chemical reactions, aiding in the design of new compounds.",Canada,Edmonton,TRUE
837678,Emma,Hall,ehal@ualberta.ca,Computer Science,"I have a passion for programming and enjoy working on challenging coding projects. In my free time, I love exploring the latest trends in technology and attending hackathons to enhance my skills.",United States,San Francisco,FALSE
456239,James,Lewis,jlewi@ualberta.ca,Biology,"My focus is on population genetics, studying how genetic variation within and between populations affects evolution. I aim to investigate the genetic diversity of species and its implications for conservation biology and ecological studies.",Australia,Sydney,TRUE
214578,Ava,Thompson,athompso@ualberta.ca,Computer Science,Programming and technology are my primary interests. I enjoy developing new applications and staying updated with the latest tech advancements.,USA,San Francisco,FALSE
879652,James,Walker,jwalke@ualberta.ca,Engineering,I enjoy solving complex engineering problems and designing innovative solutions. I'm always looking for new challenges to test my skills and expand my knowledge.,Australia,Sydney,TRUE
431300,Evelyn,White,ewhit@ualberta.ca,Biology,"Staying active is essential for me. I balance my academic pursuits with regular workouts, focusing on endurance and strength training.",Canada,Edmonton,TRUE
555225,Sophia,Robinson,srobinso@ualberta.ca,Pharmacology,"I am interested in clinical pharmacology, where I apply pharmacological principles to patient care. My work focuses on conducting clinical trials to evaluate the safety and efficacy of new drugs and improving therapeutic outcomes.",Canada,Edmonton,TRUE
471255,Emma,Clark,eclar@ualberta.ca,Kinesiology,"Kinesiology's role in adaptive sports and physical activities for individuals with disabilities fascinates me. I am committed to researching and developing inclusive exercise programs that cater to the unique needs and abilities of all individuals, promoting fitness and well-being.",Canada,Edmonton,TRUE
293135,Lucas,Scott,lscot@ualberta.ca,Neuroscience,"I am passionate about cognitive neuroscience, particularly in understanding how brain functions relate to mental processes. My research focuses on exploring the neural mechanisms underlying memory, attention, and decision-making.",Canada,Edmonton,TRUE
436827,Ethan,Lopez,elope@ualberta.ca,Engineering,"My interest is in industrial engineering, where I focus on optimizing complex systems and processes. I am dedicated to improving efficiency, productivity, and quality in manufacturing, logistics, and supply chain management through the application of engineering principles and data analysis.",United States,San Francisco,FALSE
812946,Liam,Thompson,lthompso@ualberta.ca,Psychology,"Understanding the human mind fascinates me. I delve into topics like cognitive psychology, neuropsychology, and abnormal psychology to unravel the mysteries of human behavior.",Australia,Sydney,TRUE
691223,Alese,Lewis,alewi@ualberta.ca,Computer Science,"I am passionate about coding and love exploring new technologies. In my free time, I enjoy working on personal projects and contributing to open-source communities.",United States,San Francisco,FALSE
772334,Olivia,Harris,oharri@ualberta.ca,Engineering,I have a keen interest in designing and building innovative solutions to real-world problems. I enjoy working on projects that involve sustainable practices and cutting-edge technology.,Australia,Sydney,TRUE
812121,Alexander,Hill,ahil@ualberta.ca,Astrophysics,"I am captivated by the mysteries of black holes and the events that occur near them. My research aims to understand their formation, properties, and the fundamental physics governing these extreme environments.",France,Paris,TRUE
435612,Mia,Lopez,mlope@ualberta.ca,Computer Science,I am passionate about software development and technology. I spend my free time building applications and exploring different programming languages.,USA,San Francisco,FALSE
789132,Mason,Thompson,mthompso@ualberta.ca,Biology,"My focus is on neuroimaging techniques, such as fMRI and PET scans, to map brain activity and structure. I aim to use these tools to better understand brain function and to diagnose and monitor neurological diseases.",Australia,Sydney,TRUE
376339,Harper,Taylor,htaylo@ualberta.ca,Neuroscience,"The field of behavioral neuroscience captivates me, especially in understanding the biological bases of behavior. I aim to investigate how brain chemistry and neural circuits influence behaviors such as aggression, anxiety, and addiction.",Australia,Toowoomba,TRUE
944156,Alexander,Jones,ajone@ualberta.ca,Computer Science,"My passion lies in artificial intelligence and machine learning. I am fascinated by how machines can learn from data and improve over time, and I aspire to develop AI algorithms that can solve real-world problems in innovative ways.",Germany,Berlin,TRUE
272605,Ava,Hernandez,ahernande@ualberta.ca,Psychology,"My focus is on cognitive psychology, where I investigate mental processes such as perception, memory, and problem-solving. I aim to understand how people acquire, process, and store information.",United States,Phoenix,TRUE
772328,Lucas,Wilson,lwilso@ualberta.ca,Math,"Graph theory captivates me, particularly its applications in computer science and network analysis. I am interested in understanding the properties of graphs and developing algorithms to solve problems related to connectivity and optimization.",Canada,Winnipeg,FALSE
688999,Isabella,Jackson,ijackso@ualberta.ca,Engineering,"I am fascinated by environmental engineering, particularly in the development of technologies to address pollution and resource management. My goal is to design systems that can reduce environmental impact and promote sustainable practices.",Canada,Montreal,FALSE
445706,Lucas,Johnson,ljohnso@ualberta.ca,Physics,"I am passionate about theoretical physics, particularly in the area of quantum mechanics. I am fascinated by the principles governing the behavior of particles at the quantum level and aim to contribute to our understanding of the quantum world.",Brazil,Belém,TRUE
324750,Sophia,Jones,sjone@ualberta.ca,Astrophysics,"Cosmology is my passion, particularly the study of the universe's origin and evolution. I am dedicated to exploring the Big Bang theory, dark matter, and dark energy, aiming to unravel the fundamental structure of the cosmos.",South Korea,Daegu,TRUE
531357,Charlotte,Frien,csmit@ualberta.ca,Computer Science,"I am deeply interested in cybersecurity. My goal is to understand and counteract the techniques used by malicious actors, and to develop robust security protocols that protect sensitive data and maintain the integrity of information systems.",France,Le Havre,FALSE
800952,Johnson,Smith,hsmit@ualberta.ca,Computer Science,"Software development captivates me, especially in the realm of mobile applications. I enjoy creating user-friendly and efficient apps that can improve everyday tasks and provide innovative solutions for various industries.",Canada,Kingston,FALSE
221366,Terry,Brown,hbrow@ualberta.ca,Chemistry,"I am passionate about computational chemistry, where I use advanced computer simulations and modeling techniques to understand chemical systems. My research focuses on predicting the properties and behaviors of molecules and materials, aiming to design novel compounds with specific functions. By leveraging quantum mechanics and molecular dynamics, I seek to solve complex chemical problems and contribute to advancements in drug discovery, materials science, and environmental chemistry.",Canada,Montreal,FALSE
230195,Sophia,Garcia,sgarci@ualberta.ca,Computer Science,"My focus is on data science and big data analytics. I am passionate about uncovering hidden patterns and insights from large datasets, and using this information to drive decision-making processes and strategic planning.",Canada,Sudbury,TRUE
259574,Charlotte,Davis,cdavi@ualberta.ca,Chemistry,"My passion lies in medicinal chemistry, where I design and synthesize new pharmaceutical compounds. I aim to develop drugs that can treat various diseases by understanding the interaction between chemical compounds and biological targets.",Brazil,Belém,FALSE
538723,Emma,Lopez,elope@ualberta.ca,Physics,"I am interested in the intersection of physics and deep learning. My research focuses on using deep learning algorithms to analyze and interpret complex physical data, potentially uncovering new patterns and insights in experimental physics.",Canada,Quebec City,TRUE
590982,Oliver,Rodriguez,orodrigue@ualberta.ca,Kinesiology,"The role of exercise in pediatric health is a key area of interest for me. I am eager to explore how physical activity can support the growth and development of children, promoting lifelong healthy habits and preventing childhood obesity.",Canada,Vancouver,TRUE
378704,James,Martinez,jmartine@ualberta.ca,Engineering,"My passion lies in software engineering, where I enjoy developing reliable and efficient software solutions. I aim to create innovative applications and systems that can address real-world problems in fields like finance, healthcare, and artificial intelligence.",South Korea,Changwon,TRUE
242893,Liam,Martin,lmarti@ualberta.ca,Engineering,"I am interested in engineering physics, where I can apply principles of physics to solve complex engineering problems. My research focuses on areas such as quantum computing, photonics, and nanotechnology, aiming to bridge the gap between theoretical physics and practical engineering applications.",France,Toulouse,FALSE
398265,Henry,Hofe,hhernande@ualberta.ca,Computer Science,"I have a strong interest in computer graphics and visualization. Creating realistic and immersive visual experiences, whether for entertainment or educational purposes, is what drives my passion for this field.",Germany,Hamburg,TRUE
920140,Charlotte,Lemon,clope@ualberta.ca,Chemistry,"I am interested in polymer chemistry, where I study the synthesis and properties of polymers. My work focuses on developing new polymeric materials with applications in packaging, electronics, and biomedical devices.",India,Bhopal,FALSE
933079,Benjamin,Hernandez,bhernande@ualberta.ca,Kinesiology,"As a kinesiology enthusiast, I am captivated by the study of motor learning and control. I seek to understand how the brain and body coordinate during physical activities and how we can enhance motor skills through practice and training.",United Kingdom,Newcastle upon Tyne,TRUE
685317,Benjamin,Jones,bjone@ualberta.ca,Biology,"I am passionate about ecology, particularly in understanding the interactions between organisms and their environment. My research focuses on ecosystem dynamics and biodiversity, aiming to develop conservation strategies to protect endangered species and habitats.",Canada,Regina,TRUE
609685,William,Rodriguez,wrodrigue@ualberta.ca,Pharmacology,"My passion lies in pharmacogenomics, the study of how genetic variations influence drug responses. I aim to personalize medicine by tailoring drug treatments to individuals based on their genetic profiles.",Canada,Quebec City,FALSE
463029,Emma,Gonzalez,egonzale@ualberta.ca,Psychology,"I am fascinated by social psychology, focusing on how people's thoughts, feelings, and behaviors are influenced by the presence of others. My research explores topics such as group dynamics, social perception, and interpersonal relationships.",Canada,London,FALSE
504612,Evelyn,Moore,emoor@ualberta.ca,Engineering,"I am dedicated to chemical engineering, particularly in the development of new materials and processes. My goal is to innovate in areas such as pharmaceuticals, nanotechnology, and sustainable chemical production.",India,Bangalore,FALSE
808147,Benjamin,Gonzalez,bgonzale@ualberta.ca,Kinesiology,My interest in kinesiology is driven by a desire to understand the impact of physical activity on chronic diseases. I want to investigate how exercise can be used as a preventive measure and a therapeutic intervention for conditions like diabetes and cardiovascular diseases.,Germany,Essen,TRUE
582453,William,Williams,wwilliam@ualberta.ca,Psychology,"My interest lies in developmental psychology, where I study the cognitive and emotional growth of individuals from infancy through adulthood. I aim to understand how early experiences influence later behavior and development.",United States,New York,TRUE
709207,Takk,Lopez,elope@ualberta.ca,Engineering,"I am fascinated by electrical engineering, especially in the field of renewable energy. I aspire to develop advanced solar, wind, and battery technologies that can contribute to a sustainable and clean energy future.",United Kingdom,Oxford,FALSE
609212,James,Rodriguez,jrodrigue@ualberta.ca,Neuroscience,"I am fascinated by the field of sensory neuroscience, which examines how the brain processes sensory information. My research aims to understand the neural pathways involved in vision, hearing, and touch, and how sensory experiences shape perception and behavior. By studying these mechanisms, I hope to contribute to the development of therapies for sensory disorders.",France,Rennes,TRUE
818181,Olivia,Garcia,ogarci@ualberta.ca,Kinesiology,"Rehabilitation through movement is my primary focus in kinesiology. I am passionate about developing effective rehabilitation programs for individuals recovering from injuries or surgeries, aiming to restore their mobility and quality of life.",Canada,Kitchener,FALSE
559983,Charlotte,Johnson,cjohnso@ualberta.ca,Physics,"I am intrigued by condensed matter physics, focusing on the properties of materials in different states of matter. My goal is to understand superconductivity and other exotic phases of matter, potentially leading to new technological advancements.",India,Lucknow,FALSE
690078,Elijah,Moore,emoor@ualberta.ca,Biology,"I am passionate about molecular biology, focusing on understanding the molecular mechanisms that underlie cellular processes. My research aims to elucidate the roles of DNA, RNA, and proteins in gene expression and regulation, contributing to advancements in genetic engineering and biotechnology.",Germany,Duisburg,FALSE
874655,Henry,Williams,hwilliam@ualberta.ca,Neuroscience,"The field of behavioral neuroscience captivates me, especially in understanding the biological bases of behavior. I aim to investigate how brain chemistry and neural circuits influence behaviors such as aggression, anxiety, and addiction.",Canada,Kingston,FALSE
734311,Emma,Johnson,ejohnso@ualberta.ca,Math,"My focus is on mathematical optimization. I aim to create algorithms that can find the best solutions to complex problems in various industries, from logistics and manufacturing to artificial intelligence and machine learning.",Japan,Kitakyushu,FALSE
739201,Harper,Gonzalez,hgonzale@ualberta.ca,Physics,"I am dedicated to studying biophysics, where I can apply the principles of physics to biological systems. My research focuses on understanding the physical mechanisms underlying cellular processes and developing new medical technologies.",Canada,Guelph,TRUE
264709,Lucas,Miller,lmille@ualberta.ca,Kinesiology,"The connection between physical activity and mental health intrigues me. I am dedicated to researching how regular exercise can alleviate symptoms of mental health conditions such as anxiety and depression, and promote overall psychological well-being.",Canada,Regina,FALSE
738057,Oliver,Williams,owilliam@ualberta.ca,Chemistry,"I am dedicated to biochemistry, studying the chemical processes within and related to living organisms. My goal is to understand the molecular mechanisms of biological functions and develop new approaches to treat diseases.",India,Ahmedabad,TRUE
961096,Benjamin,Rodriguez,brodrigue@ualberta.ca,Computer Science,Networking and communication systems intrigue me. I aim to explore how data is transmitted across different networks and develop more efficient and reliable communication protocols that can support the growing demand for connectivity.,France,Saint-Étienne,FALSE
707091,James,Taylor,jtaylo@ualberta.ca,Math,"Probability theory and stochastic processes intrigue me. I am dedicated to studying random phenomena and their applications in fields like finance, insurance, and telecommunications, developing models to predict and manage uncertainty.",Germany,Dortmund,TRUE
576511,Carl,Jacob,ebrow@ualberta.ca,Chemistry,"My focus is on analytical chemistry, where I develop techniques to analyze the composition of substances. I aim to improve methods for detecting and quantifying chemical compounds in various matrices, including environmental samples and biological fluids.",Brazil,São Paulo,TRUE
285313,Kone,Davis,edavi@ualberta.ca,Computer Science,I am passionate about human-computer interaction (HCI). My goal is to design intuitive and accessible interfaces that enhance user experience and ensure that technology is inclusive and easy to use for everyone.,Canada,Sherbrooke,TRUE
856228,Liam,Amman,lrodrigue@ualberta.ca,Engineering,"I am passionate about civil engineering, particularly in designing and constructing sustainable infrastructure. My goal is to develop eco-friendly buildings and resilient transportation systems that can withstand environmental challenges.",Australia,Perth,TRUE
964220,Elijah,Rodriguez,erodrigue@ualberta.ca,Math,"I am fascinated by algebraic geometry, a field that studies geometric properties through algebraic equations. My aim is to understand the deep connections between shapes and their algebraic representations.",South Korea,Incheon,FALSE
821336,Amelia,Davis,adavi@ualberta.ca,Computer Science,"I am deeply interested in the field of human-computer interaction (HCI). My goal is to design and evaluate interactive systems that enhance user experience. By studying how people interact with technology, I aim to create intuitive and accessible interfaces that cater to diverse user needs, improving usability and satisfaction in both everyday applications and specialized software.",United States,Austin,FALSE
367321,Sophia,Miller,smille@ualberta.ca,Kinesiology,"My passion lies in the study of exercise physiology and its effects on human performance. I am particularly interested in how different training regimens impact cardiovascular health, muscle strength, and endurance. My goal is to design evidence-based exercise programs that can enhance athletic performance and promote overall wellness across various populations.",Canada,Saskatoon,FALSE
433216,Harper,Moore,hmoor@ualberta.ca,Chemistry,"I am fascinated by physical chemistry, particularly in understanding the principles that govern chemical reactions. My research focuses on thermodynamics, kinetics, and quantum chemistry to elucidate the mechanisms of chemical processes.",Brazil,Goiânia,FALSE
548417,Elijah,Thomas,ethoma@ualberta.ca,Computer Science,I am fascinated by the field of quantum computing. The idea of harnessing the principles of quantum mechanics to solve complex computational problems that are currently intractable with classical computers is what motivates my studies.,Brazil,Curitiba,FALSE
868212,Olivia,Taylor,otaylo@ualberta.ca,Astrophysics,"My interest in stellar evolution drives me to study the life cycles of stars. From their formation in nebulae to their ultimate fate as supernovae or white dwarfs, I aim to understand the processes that shape the universe's stellar populations.",South Korea,Changwon,TRUE
504078,Amelia,Williams,awilliam@ualberta.ca,Neuroscience,"I am interested in neuropharmacology, where I study how drugs affect the nervous system. My goal is to develop new pharmacological treatments for neurological and psychiatric disorders, enhancing the effectiveness and reducing side effects.",Canada,Kingston,FALSE
414843,Charlotte,Hernandez,chernande@ualberta.ca,Biology,"My interest lies in the study of molecular biology, particularly in how molecular interactions drive cellular function. I am dedicated to exploring the intricacies of signal transduction pathways and their implications for disease treatment and prevention.",Canada,London,FALSE
181812,Elijah,Williams,ewilliam@ualberta.ca,Computer Science,"My interest lies in the field of database management systems. I enjoy designing and optimizing databases to handle vast amounts of information efficiently, ensuring data integrity, security, and accessibility for users.",Canada,Guelph,TRUE
146754,James,Smith,jsmit@ualberta.ca,Pharmacology,"I am passionate about pharmacokinetics, where I study how drugs are absorbed, distributed, metabolized, and excreted in the body. My goal is to optimize drug dosing regimens to enhance therapeutic effects and minimize side effects.",Brazil,Curitiba,FALSE
567775,Harper,Weisger,htaylo@ualberta.ca,Math,"My interest lies in applied mathematics, where I can use mathematical models to solve real-world problems. I enjoy working on problems in physics, engineering, and finance, using differential equations and statistical methods.",Canada,Vancouver,FALSE
312890,Henry,Raza,htaylo@ualberta.ca,Neuroscience,"My passion lies in sensory neuroscience, particularly in understanding how the brain processes sensory information. I aim to explore the neural pathways involved in vision, hearing, and touch, and how these systems integrate to create perception.",India,Delhi,TRUE
867217,Amelia,Davis,adavi@ualberta.ca,Pharmacology,"My interest lies in pharmacodynamics, focusing on how drugs interact with biological systems to produce their effects. I aim to understand the mechanisms of action of different drugs and how they influence cellular and molecular processes.",Canada,Sherbrooke,FALSE
774925,Alexander,Martinez,amartine@ualberta.ca,Math,"I am passionate about pure mathematics, particularly number theory. My goal is to explore the properties and relationships of numbers, delving into prime numbers, cryptographic applications, and unsolved problems in mathematics.",Canada,Winnipeg,FALSE
145686,William,Rodriguez,wrodrigue@ualberta.ca,Chemistry,"I am passionate about organic chemistry, where I study the structure, properties, and reactions of carbon-containing compounds. My goal is to synthesize new organic molecules that can be used in pharmaceuticals, materials science, and biotechnology.",United Kingdom,Belfast,FALSE
678267,Lucas,Lopez,llope@ualberta.ca,Pharmacology,"I am dedicated to the field of cancer pharmacology, studying how drugs can be used to treat cancer. My goal is to discover and develop new chemotherapeutic agents that target cancer cells while sparing healthy tissues.",India,Pimpri-Chinchwad,TRUE
773220,Amelia,Hernandez,ahernande@ualberta.ca,Psychology,"I am passionate about clinical psychology, particularly in the assessment and treatment of mental health disorders. My goal is to provide effective therapeutic interventions for individuals struggling with conditions such as depression, anxiety, and PTSD.",Canada,Quebec City,FALSE
362171,William,Thomas,wthoma@ualberta.ca,Neuroscience,"I am fascinated by the emerging field of computational neuroscience, where mathematical models and simulations are used to understand brain function. My goal is to develop models that can predict neural behavior and inform experimental neuroscience.",United Kingdom,Glasgow,FALSE
332056,Isabella,Johnson,ijohnso@ualberta.ca,Kinesiology,I am deeply passionate about the biomechanics of human movement. My interest lies in understanding how different exercises affect muscle function and how we can optimize physical performance through targeted training programs.,United States,Seattle,TRUE